{
    "rmse": 0.6781655742156315,
    "mae": 0.5363616715651811,
    "r2": 0.2542955708084318
}