{
    "rmse": 0.7000112615974077,
    "mae": 0.5424346083846366,
    "r2": 0.26199666197794447
}