{
    "rmse": 0.6791104233300225,
    "mae": 0.5427782652383734,
    "r2": 0.28541839622639853
}